fact_id,customer_id,item_id,store_id,date_id,trans_id,quantity,total_amount
1,142,128,5,192,994,3,2291.58
2,405,64,10,272,1998,4,2711.68
3,45,50,6,64,1106,2,473.1
4,401,32,8,78,728,4,2082.64
5,76,17,2,48,1033,1,719.01
6,239,141,15,287,1329,4,1285.0
7,49,90,2,334,520,2,1319.56
8,377,38,8,129,925,3,1806.42
9,8,197,14,18,1178,2,1344.42
10,312,26,12,254,1609,2,121.68
11,191,2,13,305,1976,2,887.86
12,427,80,13,40,1322,3,1861.98
13,311,186,6,267,1172,2,184.26
14,377,39,11,53,1568,4,3346.76
15,287,152,12,256,1914,2,1686.92
16,75,25,15,13,161,2,1942.22
17,26,167,6,7,423,2,442.24
18,194,47,17,166,423,3,461.70000000000005
19,19,159,2,237,742,1,316.48
20,122,133,18,120,453,3,1394.73
21,77,157,2,87,1128,1,469.57
22,312,114,20,261,1542,4,342.52
23,278,24,18,108,1274,2,961.14
24,377,9,13,321,1490,2,1802.86
25,274,184,17,107,537,4,3869.48
26,326,124,19,180,1198,1,565.07
27,148,72,11,244,1989,1,322.89
28,200,6,14,289,724,2,214.78
29,237,118,8,293,901,2,195.74
30,111,199,14,55,998,1,494.15
31,61,109,16,170,1199,4,3709.76
32,470,200,15,12,786,3,1237.47
33,125,37,18,225,275,1,615.99
34,39,111,4,216,608,2,775.36
35,296,26,8,98,1682,1,60.84
36,33,144,15,332,1973,2,216.42
37,295,181,18,180,573,3,480.15000000000003
38,378,97,11,216,1094,4,3544.2
39,337,148,12,44,603,2,1216.38
40,191,30,20,5,579,4,3184.92
41,193,148,2,17,1393,2,1216.38
42,201,57,1,273,1700,1,999.11
43,486,79,20,337,2,4,917.52
44,397,37,5,212,836,4,2463.96
45,454,40,5,330,1045,1,184.55
46,163,70,6,11,1688,1,708.69
47,208,3,19,305,1424,1,771.19
48,185,31,3,290,1168,2,204.46
49,240,172,14,149,333,4,1561.6
50,26,14,15,150,931,3,1876.92
51,474,121,6,189,830,4,1869.8
52,80,127,4,299,1973,1,855.64
53,275,94,4,333,1342,2,1320.4
54,406,29,8,291,130,3,506.01
55,227,58,16,231,697,3,273.99
56,485,22,2,221,1730,1,883.04
57,105,58,15,114,989,1,91.33
58,479,144,8,9,1465,3,324.63
59,378,6,3,232,1473,4,429.56
60,165,197,17,349,1473,1,672.21
61,484,175,12,53,1586,2,160.74
62,305,111,12,157,1564,2,775.36
63,355,2,4,227,1555,1,443.93
64,240,135,7,75,276,3,733.38
65,466,59,17,97,1626,2,672.36
66,366,40,2,89,1370,3,553.6500000000001
67,302,9,13,287,604,2,1802.86
68,344,21,6,227,400,1,572.93
69,42,175,7,101,457,3,241.11
70,87,59,9,50,1545,1,336.18
71,208,72,5,302,1534,3,968.67
72,164,187,19,46,1819,1,862.34
73,461,62,13,361,1548,1,871.52
74,281,129,18,76,1783,1,308.57
75,93,177,5,193,1227,3,2710.41
76,314,196,8,175,570,1,936.01
77,367,197,13,364,755,2,1344.42
78,251,147,8,276,1418,2,668.42
79,229,24,13,34,1192,1,480.57
80,146,190,10,78,1732,3,1094.85
81,420,109,6,248,1042,4,3709.76
82,55,167,17,339,799,4,884.48
83,373,189,13,38,136,2,421.06
84,248,143,2,308,1927,4,2024.0
85,77,169,13,18,66,3,596.64
86,398,74,1,265,373,1,702.28
87,185,20,6,234,1598,1,358.22
88,490,178,10,32,913,2,1981.42
89,462,148,7,96,1277,3,1824.5700000000002
90,410,184,2,114,3,3,2902.11
91,41,126,3,120,138,1,571.59
92,253,116,15,322,1691,4,2802.52
93,414,9,6,299,593,3,2704.29
94,313,31,4,280,1045,1,102.23
95,457,86,11,71,501,3,2595.69
96,107,163,15,181,1893,1,681.29
97,242,175,1,209,96,3,241.11
98,11,166,2,218,1181,3,1250.73
99,185,182,6,26,954,3,978.99
100,19,82,4,87,1913,3,2776.05
101,172,175,12,218,202,3,241.11
102,491,69,2,199,332,1,330.53
103,429,66,2,293,983,4,1802.52
104,39,125,13,212,757,4,3516.32
105,113,91,19,31,1268,2,155.56
106,215,44,9,42,930,3,1460.25
107,40,190,10,31,516,1,364.95
108,304,75,14,131,314,1,462.19
109,117,33,2,321,1125,4,3624.64
110,251,34,6,297,526,4,1947.4
111,112,1,3,116,235,1,438.67
112,265,162,13,53,1965,1,918.76
113,321,181,2,140,1071,1,160.05
114,302,26,12,167,917,1,60.84
115,222,53,9,329,1592,4,3621.04
116,458,191,13,232,1634,3,1502.01
117,314,58,10,209,641,3,273.99
118,353,139,20,23,1,1,579.15
119,305,90,13,88,969,1,659.78
120,76,46,4,117,1291,1,967.68
121,425,96,9,342,1185,1,258.14
122,88,87,4,82,1263,3,1005.96
123,281,180,2,292,1289,4,3501.52
124,130,151,5,124,657,3,2485.38
125,288,173,13,217,667,4,2418.48
126,380,66,20,217,516,1,450.63
127,438,92,6,242,1839,1,799.24
128,383,89,5,6,1246,3,2412.66
129,91,140,16,277,1033,2,1275.12
130,412,182,4,360,1348,2,652.66
131,406,198,16,80,775,2,1417.54
132,352,65,11,116,1859,1,316.64
133,83,41,5,81,1902,3,2866.89
134,451,168,10,132,859,4,3838.28
135,221,47,1,313,795,2,307.8
136,310,17,12,205,1454,2,1438.02
137,21,166,14,135,32,3,1250.73
138,206,149,2,24,323,1,859.05
139,438,161,20,201,919,1,723.78
140,55,7,10,338,917,3,1996.44
141,43,69,10,200,1272,4,1322.12
142,205,161,12,137,1494,4,2895.12
143,31,75,19,151,113,2,924.38
144,443,24,13,275,757,4,1922.28
145,143,200,6,312,1907,2,824.98
146,424,4,8,363,1194,4,3594.0
147,253,66,4,128,1517,2,901.26
148,90,135,15,39,859,4,977.84
149,391,132,7,324,346,2,1236.96
150,227,166,20,286,434,2,833.82
151,37,148,1,256,1856,3,1824.5700000000002
152,314,32,3,347,525,4,2082.64
153,380,29,3,321,1974,3,506.01
154,185,173,14,362,5,4,2418.48
155,355,46,2,149,873,4,3870.72
156,462,74,3,208,1531,1,702.28
157,198,134,9,68,945,4,2618.92
158,242,124,9,204,1959,2,1130.14
159,130,107,12,15,1486,4,1989.16
160,492,102,18,331,1899,4,423.12
161,18,161,11,285,1139,1,723.78
162,449,97,15,151,872,1,886.05
163,132,36,17,244,1497,1,308.62
164,35,47,18,316,1883,3,461.70000000000005
165,277,34,1,199,1044,2,973.7
166,482,77,4,100,13,4,407.28
167,37,158,4,344,421,2,1121.82
168,120,86,20,186,1379,1,865.23
169,170,98,1,322,1257,3,1696.83
170,172,183,14,24,1379,2,620.16
171,294,103,1,262,671,4,3443.28
172,19,21,5,39,1996,1,572.93
173,290,131,16,47,1400,4,3970.24
174,38,68,3,250,1742,1,394.76
175,1,139,10,80,854,1,579.15
176,167,47,14,259,346,1,153.9
177,325,12,19,126,1198,4,3531.24
178,139,34,16,299,1186,4,1947.4
179,121,181,9,135,1984,3,480.15000000000003
180,322,32,14,167,3,3,1561.98
181,117,48,13,71,4,3,1055.6399999999999
182,305,74,13,50,1970,3,2106.84
183,487,40,12,317,1361,3,553.6500000000001
184,25,145,12,356,1913,3,880.6500000000001
185,95,187,17,58,591,2,1724.68
186,101,161,3,7,669,4,2895.12
187,314,192,10,9,309,3,2222.0099999999998
188,228,46,2,337,634,3,2903.04
189,277,41,13,160,1398,3,2866.89
190,69,128,9,139,751,4,3055.44
191,359,90,7,26,311,1,659.78
192,497,2,18,43,325,4,1775.72
193,241,9,17,203,227,3,2704.29
194,323,35,17,120,396,2,595.64
195,249,11,12,339,568,3,1019.28
196,440,100,18,261,1125,1,206.99
197,313,130,3,227,983,1,374.01
198,277,78,7,214,50,4,2901.08
199,239,112,8,151,764,2,1985.82
200,105,154,6,325,1773,3,1599.5700000000002
201,377,119,11,264,1909,3,886.89
202,449,93,12,157,582,2,246.5
203,289,179,18,195,934,3,2539.8
204,285,175,10,80,1334,2,160.74
205,333,178,4,241,487,1,990.71
206,296,50,15,159,100,4,946.2
207,261,102,16,181,549,4,423.12
208,410,99,7,245,246,2,885.22
209,399,198,8,262,293,2,1417.54
210,148,132,10,341,630,3,1855.44
211,100,14,5,111,173,2,1251.28
212,143,90,7,120,1531,3,1979.34
213,34,98,7,182,76,4,2262.44
214,26,128,13,304,319,1,763.86
215,161,109,13,86,638,3,2782.32
216,52,141,20,135,393,2,642.5
217,141,69,1,39,941,1,330.53
218,78,118,2,280,1326,1,97.87
219,302,176,17,329,1364,2,581.44
220,432,170,19,68,54,2,1607.24
221,56,164,8,306,711,2,1084.4
222,437,169,13,297,856,3,596.64
223,39,152,18,195,894,4,3373.84
224,204,66,8,278,1003,3,1351.8899999999999
225,153,51,17,1,981,2,552.16
226,417,6,8,356,1845,1,107.39
227,73,117,2,47,56,1,904.92
228,496,171,2,91,873,4,3191.84
229,201,125,16,361,1091,1,879.08
230,370,170,1,42,105,1,803.62
231,185,94,10,108,624,2,1320.4
232,210,44,4,267,203,3,1460.25
233,9,156,17,338,596,2,1171.38
234,107,91,17,117,1352,4,311.12
235,31,158,1,155,533,1,560.91
236,91,6,17,80,1180,1,107.39
237,458,163,10,251,1912,3,2043.87
238,35,173,19,14,1143,4,2418.48
239,263,7,10,152,155,1,665.48
240,39,176,1,293,374,2,581.44
241,215,81,12,298,1849,1,66.77
242,99,13,11,330,1819,2,1805.76
243,340,42,10,237,1694,2,1701.64
244,370,125,1,342,28,2,1758.16
245,469,127,19,157,50,3,2566.92
246,306,171,4,195,579,3,2393.88
247,170,34,13,36,914,1,486.85
248,303,62,3,294,1072,2,1743.04
249,387,70,20,118,1572,3,2126.07
250,202,78,4,351,487,2,1450.54
251,274,158,1,25,1705,2,1121.82
252,383,74,17,10,765,1,702.28
253,84,167,16,58,182,3,663.36
254,112,109,7,115,903,4,3709.76
255,424,117,11,330,545,1,904.92
256,315,39,3,323,543,2,1673.38
257,477,106,19,250,1247,4,2024.04
258,415,143,14,4,53,4,2024.0
259,347,31,3,192,649,3,306.69
260,349,145,12,260,11,2,587.1
261,197,110,16,190,517,3,595.02
262,111,38,12,255,651,2,1204.28
263,135,40,2,46,519,1,184.55
264,98,48,3,354,485,2,703.76
265,490,5,13,171,1933,3,1978.9499999999998
266,156,63,13,103,101,2,1887.78
267,287,142,20,165,189,1,563.54
268,433,194,12,161,1177,4,2086.88
269,251,79,19,25,849,2,458.76
270,37,194,1,334,1893,1,521.72
271,225,143,9,256,707,1,506.0
272,65,23,12,221,108,3,1812.9900000000002
273,272,87,11,2,1074,4,1341.28
274,232,187,4,267,1403,2,1724.68
275,61,123,20,37,676,3,835.11
276,184,115,9,240,1755,1,884.63
277,180,194,17,79,379,2,1043.44
278,44,22,10,60,987,3,2649.12
279,315,167,8,258,67,2,442.24
280,113,32,20,314,850,3,1561.98
281,151,198,19,99,81,2,1417.54
282,214,180,9,27,1635,1,875.38
283,284,102,11,323,606,3,317.34000000000003
284,416,161,8,213,1778,3,2171.34
285,461,117,9,103,293,4,3619.68
286,39,67,18,363,1182,1,753.06
287,397,195,1,270,1984,1,600.76
288,74,35,8,175,689,3,893.46
289,333,61,12,17,25,1,994.58
290,51,117,8,178,1921,1,904.92
291,228,140,10,138,1842,2,1275.12
292,439,92,1,174,1947,1,799.24
293,446,158,14,170,451,1,560.91
294,186,48,7,185,1128,3,1055.6399999999999
295,214,191,1,79,492,4,2002.68
296,43,152,9,281,127,2,1686.92
297,84,21,18,150,1505,2,1145.86
298,300,38,16,133,1490,4,2408.56
299,57,80,11,123,1485,1,620.66
300,304,93,16,267,1656,2,246.5
301,185,120,14,229,1207,2,1172.4
302,208,49,20,67,69,4,2681.84
303,109,9,20,171,56,2,1802.86
304,44,98,10,306,421,3,1696.83
305,16,159,11,251,1318,4,1265.92
306,98,28,10,182,472,4,3210.48
307,475,141,12,133,466,4,1285.0
308,453,177,7,244,1013,2,1806.94
309,399,165,12,12,1332,3,2314.4700000000003
310,237,142,20,134,1088,1,563.54
311,25,143,13,80,1487,4,2024.0
312,227,16,10,164,284,2,1640.86
313,261,107,14,22,549,4,1989.16
314,128,73,6,247,432,2,905.6
315,472,41,12,203,275,4,3822.52
316,217,74,12,357,641,1,702.28
317,273,30,9,89,1570,2,1592.46
318,134,53,16,202,395,3,2715.7799999999997
319,164,43,4,264,1523,3,1995.63
320,82,100,2,211,1376,2,413.98
321,142,49,6,161,1483,4,2681.84
322,228,94,17,181,944,3,1980.6000000000001
323,333,118,18,178,1920,4,391.48
324,66,137,9,297,9,2,1442.14
325,349,7,15,89,560,4,2661.92
326,113,37,1,305,527,1,615.99
327,186,170,4,152,1934,1,803.62
328,48,158,15,213,1666,2,1121.82
329,356,86,7,353,1528,4,3460.92
330,210,193,7,14,1910,4,3765.12
331,42,70,11,106,1961,1,708.69
332,147,167,17,228,1578,2,442.24
333,133,67,5,82,1737,4,3012.24
334,194,47,10,224,220,4,615.6
335,154,29,15,72,36,1,168.67
336,277,163,12,121,4,1,681.29
337,82,110,17,118,1888,3,595.02
338,403,54,4,212,923,3,2308.92
339,433,101,7,284,779,4,532.0
340,280,78,11,161,1252,1,725.27
341,104,120,9,186,16,2,1172.4
342,78,160,15,85,235,2,518.28
343,290,130,5,217,1719,2,748.02
344,67,84,6,234,944,3,1371.8700000000001
345,146,88,19,221,884,2,1906.96
346,203,41,19,260,1315,2,1911.26
347,478,22,14,97,693,2,1766.08
348,466,71,19,280,1278,2,472.38
349,429,158,6,16,1237,3,1682.73
350,192,135,20,114,733,3,733.38
351,364,200,9,141,9,2,824.98
352,220,146,7,261,1378,4,3627.2
353,70,1,6,290,830,4,1754.68
354,214,31,9,30,322,2,204.46
355,93,114,2,30,1751,2,171.26
356,89,129,11,234,565,4,1234.28
357,280,95,6,40,554,4,1252.88
358,19,185,20,96,1643,4,3619.64
359,308,129,20,12,1530,1,308.57
360,40,115,20,132,1129,2,1769.26
361,344,195,10,30,659,4,2403.04
362,304,118,19,70,572,3,293.61
363,116,124,10,220,1907,3,1695.21
364,431,8,10,202,246,3,893.73
365,172,14,3,198,1606,4,2502.56
366,7,146,4,352,878,2,1813.6
367,247,115,9,2,1095,1,884.63
368,118,135,19,12,1203,1,244.46
369,226,68,14,21,5,2,789.52
370,427,168,10,92,292,2,1919.14
371,499,162,19,353,441,2,1837.52
372,222,81,2,115,1498,3,200.31
373,204,34,7,52,1676,4,1947.4
374,170,32,18,330,1098,3,1561.98
375,171,197,19,327,475,3,2016.63
376,310,97,4,284,860,1,886.05
377,349,106,6,151,180,2,1012.02
378,86,28,6,113,1708,2,1605.24
379,8,10,17,321,1441,2,835.82
380,271,24,18,11,1724,1,480.57
381,138,91,6,340,505,3,233.34
382,246,161,15,324,1421,1,723.78
383,71,114,10,335,1761,4,342.52
384,174,30,4,4,1566,3,2388.69
385,218,31,18,224,673,3,306.69
386,384,175,18,22,11,2,160.74
387,65,169,7,291,727,2,397.76
388,337,94,1,267,710,2,1320.4
389,397,72,2,114,134,4,1291.56
390,135,105,13,219,1778,2,1477.3
391,401,198,5,81,756,1,708.77
392,40,174,19,263,1614,1,444.2
393,316,147,16,287,1768,3,1002.6299999999999
394,367,114,11,207,1714,1,85.63
395,232,29,7,120,470,2,337.34
396,137,41,3,339,1553,1,955.63
397,44,193,13,136,1372,1,941.28
398,216,161,5,52,611,2,1447.56
399,371,23,7,16,1742,2,1208.66
400,186,43,14,231,1694,2,1330.42
401,251,127,18,15,884,3,2566.92
402,256,130,15,154,26,4,1496.04
403,463,26,18,15,1556,2,121.68
404,413,131,2,103,1888,2,1985.12
405,55,44,3,80,77,3,1460.25
406,33,51,2,196,1100,2,552.16
407,254,168,19,63,1592,4,3838.28
408,234,164,19,105,548,3,1626.6000000000001
409,251,86,5,85,281,1,865.23
410,327,81,18,254,1089,2,133.54
411,249,141,9,41,1741,4,1285.0
412,440,187,13,105,796,4,3449.36
413,216,73,13,181,1598,1,452.8
414,43,28,5,76,368,4,3210.48
415,446,87,3,180,826,4,1341.28
416,77,172,14,205,566,3,1171.1999999999998
417,74,79,18,230,166,4,917.52
418,323,74,3,339,1164,3,2106.84
419,500,2,5,342,736,3,1331.79
420,205,168,17,138,1301,3,2878.71
421,71,26,8,328,605,2,121.68
422,19,72,13,49,885,1,322.89
423,226,144,19,57,33,2,216.42
424,71,58,4,349,1753,3,273.99
425,298,38,1,352,1037,1,602.14
426,204,126,6,337,1342,4,2286.36
427,99,45,11,307,1244,3,2268.8999999999996
428,402,113,17,331,1564,2,1627.3
429,65,35,11,317,663,4,1191.28
430,440,139,14,225,509,1,579.15
431,265,153,17,48,27,4,2326.4
432,450,185,1,182,519,1,904.91
433,254,180,7,278,1869,3,2626.14
434,448,139,8,338,835,4,2316.6
435,37,60,13,46,515,1,486.97
436,158,108,13,364,1559,3,381.69
437,167,71,11,171,1384,3,708.5699999999999
438,400,80,15,13,218,4,2482.64
439,290,160,11,41,986,1,259.14
440,467,126,16,345,275,4,2286.36
441,444,188,10,276,1366,2,1874.8
442,275,53,11,265,599,2,1810.52
443,157,142,14,78,582,4,2254.16
444,378,198,6,195,210,4,2835.08
445,276,22,13,329,198,1,883.04
446,66,78,14,109,619,4,2901.08
447,69,130,20,289,1876,1,374.01
448,478,89,2,200,1681,3,2412.66
449,37,64,15,313,37,4,2711.68
450,41,173,8,229,139,2,1209.24
451,189,44,14,223,366,4,1947.0
452,202,93,7,110,1229,1,123.25
453,94,24,18,264,484,1,480.57
454,26,4,13,10,1732,2,1797.0
455,217,77,5,18,730,3,305.46
456,347,75,8,75,769,4,1848.76
457,449,127,2,303,681,4,3422.56
458,322,126,13,82,1009,2,1143.18
459,80,155,5,23,509,2,1561.16
460,387,193,12,328,659,1,941.28
461,43,8,13,140,1489,2,595.82
462,492,180,6,150,1933,1,875.38
463,351,84,16,63,1891,1,457.29
464,413,114,2,251,645,1,85.63
465,147,26,8,94,1160,3,182.52
466,410,72,18,308,702,2,645.78
467,308,91,15,340,1316,3,233.34
468,23,136,3,220,427,3,2238.18
469,21,31,14,72,408,4,408.92
470,274,24,20,293,1510,1,480.57
471,342,84,18,159,1998,1,457.29
472,337,98,13,275,94,1,565.61
473,294,165,7,351,69,1,771.49
474,419,68,9,25,1244,2,789.52
475,156,64,14,32,399,3,2033.7599999999998
476,145,187,16,21,893,1,862.34
477,330,10,4,351,955,2,835.82
478,119,73,3,287,1885,2,905.6
479,370,164,12,178,1915,2,1084.4
480,121,147,14,311,1672,4,1336.84
481,401,33,4,352,1398,4,3624.64
482,88,57,18,123,562,3,2997.33
483,189,144,12,122,1699,2,216.42
484,128,85,19,305,712,4,1438.56
485,65,168,19,109,638,1,959.57
486,355,137,19,142,1778,2,1442.14
487,217,36,5,91,139,1,308.62
488,487,165,14,62,990,4,3085.96
489,108,25,6,341,1547,3,2913.33
490,321,121,10,180,52,2,934.9
491,51,4,10,3,831,4,3594.0
492,302,32,7,30,1228,1,520.66
493,493,25,13,180,369,1,971.11
494,159,141,11,226,607,2,642.5
495,76,98,13,72,735,3,1696.83
496,168,154,9,17,1949,4,2132.76
497,325,143,17,246,1028,1,506.0
498,100,167,4,308,937,1,221.12
499,79,169,20,350,286,2,397.76
500,110,54,20,138,447,3,2308.92
501,66,111,15,154,1201,2,775.36
502,441,87,19,297,590,1,335.32
503,372,136,4,103,517,2,1492.12
504,115,3,11,286,544,1,771.19
505,493,154,19,124,1234,1,533.19
506,381,142,19,278,239,3,1690.62
507,406,143,8,357,1875,1,506.0
508,434,48,7,70,459,2,703.76
509,155,91,17,129,1449,2,155.56
510,40,12,7,171,1874,4,3531.24
511,427,95,8,254,1254,3,939.6600000000001
512,310,2,2,86,55,3,1331.79
513,197,110,12,355,1845,2,396.68
514,121,65,10,229,67,4,1266.56
515,349,189,3,64,308,1,210.53
516,141,70,16,171,20,2,1417.38
517,80,166,19,141,824,1,416.91
518,472,130,13,48,691,3,1122.03
519,253,155,17,351,256,3,2341.7400000000002
520,160,155,1,162,1242,2,1561.16
521,474,1,1,48,1051,1,438.67
522,390,40,3,247,1609,1,184.55
523,173,105,19,4,114,1,738.65
524,478,150,7,314,1927,4,2470.92
525,146,71,8,160,44,4,944.76
526,56,102,1,198,1442,3,317.34000000000003
527,326,74,1,11,199,4,2809.12
528,397,35,6,342,1827,3,893.46
529,365,82,16,70,598,1,925.35
530,408,181,5,252,486,3,480.15000000000003
531,30,56,9,97,336,4,2791.48
532,269,127,8,319,1747,1,855.64
533,420,107,1,258,751,1,497.29
534,359,130,3,165,1972,2,748.02
535,187,103,10,345,1928,2,1721.64
536,250,90,17,25,1323,3,1979.34
537,199,9,12,180,1627,3,2704.29
538,208,111,3,286,516,4,1550.72
539,4,163,18,230,980,1,681.29
540,26,168,16,306,1474,3,2878.71
541,54,8,15,51,1396,4,1191.64
542,167,70,3,214,1058,4,2834.76
543,33,97,4,67,391,1,886.05
544,362,187,3,255,484,4,3449.36
545,451,158,12,147,1875,2,1121.82
546,212,81,18,81,1896,2,133.54
547,296,189,1,44,1520,3,631.59
548,347,145,11,276,1104,1,293.55
549,130,48,5,202,1124,2,703.76
550,415,193,6,337,1601,2,1882.56
551,246,24,9,4,1102,3,1441.71
552,33,83,13,266,452,4,768.08
553,382,46,13,245,1827,2,1935.36
554,191,6,7,75,903,2,214.78
555,100,31,15,272,1067,2,204.46
556,371,150,19,48,1782,1,617.73
557,244,147,10,112,1417,1,334.21
558,138,71,15,308,1953,4,944.76
559,397,77,6,111,1015,1,101.82
560,307,170,11,119,744,2,1607.24
561,370,75,5,142,861,2,924.38
562,328,70,19,307,994,4,2834.76
563,291,38,8,233,1492,2,1204.28
564,342,139,11,260,1671,1,579.15
565,296,60,5,99,1273,4,1947.88
566,375,40,12,249,938,3,553.6500000000001
567,85,45,17,126,247,1,756.3
568,189,119,15,218,1690,3,886.89
569,366,79,14,359,1252,3,688.14
570,413,4,17,234,1033,1,898.5
571,439,125,1,2,1395,1,879.08
572,260,139,8,29,715,4,2316.6
573,108,79,19,6,857,3,688.14
574,402,29,17,59,1883,1,168.67
575,292,13,16,195,521,3,2708.64
576,312,150,1,109,1857,3,1853.19
577,44,120,20,33,1009,3,1758.6000000000001
578,313,26,9,74,956,3,182.52
579,145,192,11,141,1445,1,740.67
580,263,29,17,343,1418,3,506.01
581,185,156,15,234,1974,1,585.69
582,122,5,1,288,988,1,659.65
583,290,91,16,270,1912,3,233.34
584,264,55,3,112,512,1,147.61
585,480,199,19,66,1125,3,1482.4499999999998
586,203,171,16,60,103,1,797.96
587,237,67,17,61,1823,4,3012.24
588,210,184,1,58,1679,2,1934.74
589,341,70,14,36,1574,1,708.69
590,233,70,18,134,1018,2,1417.38
591,105,74,12,170,1922,2,1404.56
592,112,178,18,328,656,4,3962.84
593,486,106,13,147,242,4,2024.04
594,441,189,12,276,409,3,631.59
595,67,52,8,27,882,2,218.0
596,474,37,19,342,345,1,615.99
597,363,16,15,217,1358,2,1640.86
598,346,44,20,216,1196,3,1460.25
599,204,5,16,222,750,1,659.65
600,114,25,15,75,160,1,971.11
601,41,41,11,212,1810,3,2866.89
602,40,90,3,138,1101,1,659.78
603,201,6,9,33,1762,2,214.78
604,324,77,8,217,1533,3,305.46
605,293,92,6,337,1855,4,3196.96
606,54,38,20,26,16,3,1806.42
607,402,62,17,146,1909,2,1743.04
608,191,153,19,24,1882,4,2326.4
609,294,137,4,244,684,2,1442.14
610,487,74,19,172,886,3,2106.84
611,161,80,10,2,1005,3,1861.98
612,80,162,2,123,1336,4,3675.04
613,75,14,15,8,931,2,1251.28
614,269,183,7,245,105,4,1240.32
615,216,66,2,205,6,3,1351.8899999999999
616,445,48,5,44,72,4,1407.52
617,381,119,2,361,1620,1,295.63
618,51,144,1,152,1002,4,432.84
619,261,18,2,343,1915,4,2968.72
620,240,113,6,81,260,1,813.65
621,430,144,8,53,309,1,108.21
622,127,190,15,45,1869,3,1094.85
623,211,22,17,280,1091,1,883.04
624,128,181,5,300,1585,2,320.1
625,425,166,17,20,188,1,416.91
626,120,74,11,364,318,2,1404.56
627,255,2,4,234,572,3,1331.79
628,101,28,16,261,389,1,802.62
629,231,1,14,345,442,2,877.34
630,400,13,3,139,1582,2,1805.76
631,445,194,12,265,730,4,2086.88
632,240,35,5,16,254,4,1191.28
633,126,31,17,294,882,2,204.46
634,19,16,1,323,50,4,3281.72
635,72,198,11,337,1074,4,2835.08
636,262,14,13,180,1784,4,2502.56
637,123,96,8,351,1808,4,1032.56
638,375,119,5,364,119,2,591.26
639,157,36,19,293,22,1,308.62
640,219,161,15,296,81,4,2895.12
641,322,45,14,228,1334,2,1512.6
642,229,137,11,163,449,3,2163.21
643,255,53,20,50,1013,4,3621.04
644,263,6,4,88,1720,1,107.39
645,478,26,14,254,1984,3,182.52
646,203,63,3,214,731,4,3775.56
647,13,194,18,167,748,4,2086.88
648,363,107,3,360,766,2,994.58
649,270,67,17,255,1865,3,2259.18
650,424,101,7,269,429,4,532.0
651,7,159,5,279,818,4,1265.92
652,353,178,18,212,858,1,990.71
653,185,52,1,72,841,4,436.0
654,478,35,17,11,181,2,595.64
655,169,177,8,91,239,4,3613.88
656,395,50,16,87,27,2,473.1
657,218,193,4,197,903,2,1882.56
658,228,198,16,152,210,3,2126.31
659,293,58,19,296,650,4,365.32
660,172,120,17,203,1682,1,586.2
661,442,92,19,23,867,2,1598.48
662,103,3,3,107,737,4,3084.76
663,148,144,8,18,237,1,108.21
664,171,118,2,12,1521,3,293.61
665,294,151,19,261,1922,2,1656.92
666,448,22,12,245,1294,3,2649.12
667,415,177,9,333,673,1,903.47
668,448,107,11,113,177,1,497.29
669,189,63,7,99,867,2,1887.78
670,184,69,14,183,525,4,1322.12
671,163,25,7,268,176,3,2913.33
672,399,42,9,40,1896,1,850.82
673,46,36,17,323,1161,1,308.62
674,220,166,3,4,330,2,833.82
675,402,141,13,75,1846,3,963.75
676,41,152,18,288,488,2,1686.92
677,492,21,16,102,571,2,1145.86
678,355,104,9,290,531,3,2585.37
679,366,77,5,270,81,1,101.82
680,171,25,12,274,529,3,2913.33
681,294,49,1,306,1970,2,1340.92
682,384,32,18,143,1211,4,2082.64
683,317,1,16,356,805,2,877.34
684,211,42,4,314,6,3,2552.46
685,176,73,4,73,979,1,452.8
686,263,30,9,205,730,2,1592.46
687,383,53,11,229,1614,4,3621.04
688,294,14,10,121,1824,2,1251.28
689,272,167,17,262,576,4,884.48
690,329,90,13,320,556,1,659.78
691,196,170,10,198,175,4,3214.48
692,223,75,11,203,612,1,462.19
693,41,92,7,321,457,1,799.24
694,364,190,1,219,1640,4,1459.8
695,472,195,7,247,1333,3,1802.28
696,30,8,17,299,1351,1,297.91
697,385,171,4,275,31,3,2393.88
698,237,56,19,317,1633,4,2791.48
699,378,108,3,36,357,3,381.69
700,381,143,13,312,249,3,1518.0
701,68,4,9,183,780,3,2695.5
702,214,62,15,61,1050,4,3486.08
703,386,55,11,260,536,2,295.22
704,288,54,5,78,1445,3,2308.92
705,4,123,16,109,332,1,278.37
706,461,71,14,12,1692,3,708.5699999999999
707,219,189,16,39,402,3,631.59
708,172,82,3,147,1627,1,925.35
709,339,14,11,35,1650,2,1251.28
710,319,156,20,136,369,3,1757.0700000000002
711,172,135,6,292,581,1,244.46
712,380,39,6,194,15,1,836.69
713,129,171,16,183,433,1,797.96
714,315,163,14,183,1317,4,2725.16
715,315,120,16,328,41,4,2344.8
716,123,146,20,225,45,3,2720.3999999999996
717,256,36,19,277,1180,3,925.86
718,364,105,12,197,1756,1,738.65
719,486,67,5,296,379,3,2259.18
720,19,17,10,217,1114,3,2157.0299999999997
721,309,46,9,35,758,3,2903.04
722,63,38,17,84,1328,2,1204.28
723,375,123,3,277,1989,2,556.74
724,462,110,19,25,156,2,396.68
725,159,189,11,164,477,2,421.06
726,133,91,5,128,734,1,77.78
727,304,192,10,85,195,3,2222.0099999999998
728,424,23,17,231,1704,1,604.33
729,195,55,7,268,1032,2,295.22
730,20,40,14,286,666,3,553.6500000000001
731,18,194,16,348,1141,1,521.72
732,462,99,17,222,990,2,885.22
733,116,169,14,86,944,1,198.88
734,378,15,3,70,403,1,685.71
735,107,132,4,157,1111,4,2473.92
736,243,52,5,304,1413,2,218.0
737,235,40,4,58,1184,4,738.2
738,228,129,10,21,846,2,617.14
739,77,130,13,65,229,4,1496.04
740,402,78,14,170,1684,3,2175.81
741,35,154,11,15,1079,1,533.19
742,280,50,20,13,923,1,236.55
743,486,57,5,16,32,4,3996.44
744,309,182,4,77,1646,3,978.99
745,460,81,3,220,809,3,200.31
746,488,43,20,341,548,2,1330.42
747,454,109,13,276,560,3,2782.32
748,194,138,10,1,803,1,777.53
749,236,86,2,273,1735,3,2595.69
750,90,179,9,25,1867,3,2539.8
751,93,165,7,233,784,4,3085.96
752,386,181,12,1,1242,4,640.2
753,417,195,18,234,975,1,600.76
754,88,44,5,104,5,3,1460.25
755,54,132,12,224,1767,4,2473.92
756,235,159,19,325,1056,4,1265.92
757,30,28,15,57,33,2,1605.24
758,188,158,8,56,113,3,1682.73
759,465,63,5,237,1329,4,3775.56
760,219,19,15,260,1430,3,894.27
761,249,185,10,116,317,4,3619.64
762,490,182,18,99,1850,1,326.33
763,301,39,2,73,1106,3,2510.07
764,416,195,5,226,1433,1,600.76
765,439,88,10,293,328,4,3813.92
766,468,124,5,318,507,2,1130.14
767,28,80,13,119,978,2,1241.32
768,231,149,14,280,1906,4,3436.2
769,59,67,14,312,713,2,1506.12
770,99,95,20,212,1475,3,939.6600000000001
771,35,184,2,35,1518,1,967.37
772,312,199,6,298,1038,1,494.15
773,411,84,19,255,1308,1,457.29
774,494,134,19,190,1900,2,1309.46
775,96,48,8,21,968,1,351.88
776,398,71,20,66,1088,3,708.5699999999999
777,172,113,1,312,1654,1,813.65
778,187,126,6,144,1515,3,1714.77
779,142,111,9,176,163,1,387.68
780,199,54,1,26,197,4,3078.56
781,488,142,9,201,470,1,563.54
782,152,87,11,193,1703,4,1341.28
783,441,165,14,86,22,1,771.49
784,94,115,15,6,1343,4,3538.52
785,492,111,15,329,1583,4,1550.72
786,363,82,4,198,1272,2,1850.7
787,405,190,5,56,1266,2,729.9
788,218,186,14,242,894,2,184.26
789,418,142,16,49,1861,2,1127.08
790,435,151,20,359,1414,3,2485.38
791,462,165,19,347,1625,3,2314.4700000000003
792,394,48,12,250,170,4,1407.52
793,170,175,16,225,429,2,160.74
794,457,116,4,226,602,4,2802.52
795,102,26,3,169,807,1,60.84
796,335,59,1,42,959,2,672.36
797,362,182,12,114,28,4,1305.32
798,423,192,11,101,1103,3,2222.0099999999998
799,484,171,17,104,1032,2,1595.92
800,434,100,6,166,1830,1,206.99
801,388,83,14,364,1558,1,192.02
802,81,166,16,109,1205,1,416.91
803,142,164,2,69,329,4,2168.8
804,261,179,6,334,1071,3,2539.8
805,91,150,11,150,1678,4,2470.92
806,151,111,7,160,1469,4,1550.72
807,37,148,3,294,790,3,1824.5700000000002
808,259,87,12,293,1122,2,670.64
809,185,178,20,344,321,3,2972.13
810,180,17,14,181,1437,1,719.01
811,119,174,6,163,249,1,444.2
812,436,47,3,39,1613,1,153.9
813,113,40,7,126,1692,4,738.2
814,368,51,4,177,1155,1,276.08
815,78,81,11,121,786,4,267.08
816,334,118,2,174,518,3,293.61
817,452,64,3,330,1114,2,1355.84
818,265,4,1,81,1293,1,898.5
819,42,52,8,32,1142,1,109.0
820,291,152,14,226,87,2,1686.92
821,282,45,12,346,296,3,2268.8999999999996
822,245,124,16,210,1875,3,1695.21
823,275,196,15,321,1675,4,3744.04
824,247,163,11,249,921,1,681.29
825,45,190,7,67,1445,2,729.9
826,229,145,4,274,889,1,293.55
827,300,113,17,151,875,4,3254.6
828,451,178,20,341,331,2,1981.42
829,431,149,16,211,1857,2,1718.1
830,246,48,15,172,743,1,351.88
831,349,110,10,157,447,3,595.02
832,255,16,15,94,1718,1,820.43
833,343,15,20,196,1833,1,685.71
834,288,25,17,185,1098,3,2913.33
835,372,170,4,137,1155,1,803.62
836,398,49,20,102,751,2,1340.92
837,161,143,7,213,864,4,2024.0
838,103,101,18,194,299,2,266.0
839,87,39,13,243,998,2,1673.38
840,390,34,7,243,912,3,1460.5500000000002
841,134,157,9,155,1585,2,939.14
842,97,197,1,341,1318,1,672.21
843,328,179,6,222,504,3,2539.8
844,247,176,7,107,715,2,581.44
845,131,108,10,263,1039,3,381.69
846,416,157,10,161,775,4,1878.28
847,310,4,13,6,1676,4,3594.0
848,454,62,1,344,1198,4,3486.08
849,304,187,8,286,990,1,862.34
850,289,176,5,347,1887,3,872.1600000000001
851,425,39,19,19,1560,2,1673.38
852,342,102,3,220,1399,3,317.34000000000003
853,357,31,16,163,758,2,204.46
854,455,83,9,283,1457,3,576.0600000000001
855,202,45,7,151,406,1,756.3
856,431,135,18,117,1253,2,488.92
857,480,35,16,80,1840,4,1191.28
858,498,140,6,76,573,2,1275.12
859,151,133,8,293,1376,4,1859.64
860,483,47,16,252,1356,2,307.8
861,159,42,8,40,398,2,1701.64
862,393,48,16,116,1131,2,703.76
863,361,98,20,271,833,1,565.61
864,8,67,17,194,658,3,2259.18
865,186,173,11,91,1054,4,2418.48
866,103,53,18,249,1670,2,1810.52
867,166,175,11,230,564,3,241.11
868,493,180,10,154,1847,2,1750.76
869,353,72,2,175,1747,4,1291.56
870,215,168,9,292,326,1,959.57
871,187,45,19,83,417,1,756.3
872,481,44,1,165,797,1,486.75
873,499,6,2,133,41,1,107.39
874,480,75,2,105,293,3,1386.57
875,431,25,14,85,335,1,971.11
876,287,34,11,92,352,3,1460.5500000000002
877,489,40,20,52,655,4,738.2
878,235,93,4,54,29,1,123.25
879,401,147,11,364,1970,1,334.21
880,241,46,14,66,300,1,967.68
881,177,70,14,144,900,2,1417.38
882,447,27,15,90,1291,2,535.84
883,396,111,2,55,1885,1,387.68
884,112,183,10,60,1454,3,930.24
885,398,61,14,124,720,3,2983.7400000000002
886,388,18,2,197,616,4,2968.72
887,137,139,17,247,772,1,579.15
888,284,3,6,183,805,4,3084.76
889,164,184,9,155,1844,2,1934.74
890,451,40,5,223,1054,2,369.1
891,365,136,19,9,1954,4,2984.24
892,283,46,11,340,1105,3,2903.04
893,336,87,1,100,1207,3,1005.96
894,169,188,1,340,1401,2,1874.8
895,481,103,13,148,117,1,860.82
896,264,121,12,31,1105,3,1402.35
897,209,140,3,211,710,2,1275.12
898,82,15,13,351,1957,4,2742.84
899,177,53,3,53,1972,3,2715.7799999999997
900,365,94,5,308,1029,2,1320.4
901,433,149,16,338,1485,1,859.05
902,412,189,11,82,153,2,421.06
903,452,103,4,42,722,3,2582.46
904,287,186,10,147,1154,1,92.13
905,149,100,18,273,1777,4,827.96
906,74,17,16,198,213,4,2876.04
907,165,123,5,154,730,4,1113.48
908,86,80,6,94,1429,1,620.66
909,424,138,9,271,16,3,2332.59
910,428,171,17,324,1123,2,1595.92
911,178,10,17,226,600,3,1253.73
912,353,189,14,330,475,2,421.06
913,273,41,14,232,928,1,955.63
914,215,185,13,292,527,2,1809.82
915,421,26,11,17,272,2,121.68
916,296,89,13,86,282,4,3216.88
917,199,184,14,310,443,4,3869.48
918,243,111,4,251,1358,2,775.36
919,62,184,13,309,332,4,3869.48
920,169,182,5,266,1999,3,978.99
921,407,198,18,131,158,2,1417.54
922,391,17,9,146,994,4,2876.04
923,124,136,15,228,733,1,746.06
924,101,21,5,215,533,4,2291.72
925,199,120,3,229,1566,4,2344.8
926,473,180,7,360,481,3,2626.14
927,477,10,20,261,1047,2,835.82
928,464,171,1,71,917,4,3191.84
929,307,161,8,32,1715,4,2895.12
930,101,32,10,74,1616,1,520.66
931,146,166,16,115,623,3,1250.73
932,492,151,18,274,520,3,2485.38
933,73,55,3,129,1308,3,442.83000000000004
934,251,178,9,43,539,3,2972.13
935,437,195,13,179,793,1,600.76
936,257,82,1,50,963,1,925.35
937,172,72,5,235,684,2,645.78
938,293,113,15,11,129,2,1627.3
939,460,127,14,108,1647,4,3422.56
940,232,6,19,30,485,2,214.78
941,209,18,19,178,294,4,2968.72
942,145,144,13,141,655,2,216.42
943,307,118,18,178,1104,3,293.61
944,409,58,20,134,1221,3,273.99
945,215,20,14,45,1070,2,716.44
946,472,47,11,130,709,4,615.6
947,338,155,19,12,1515,4,3122.32
948,285,92,11,256,892,4,3196.96
949,438,33,4,181,149,2,1812.32
950,104,165,5,351,1594,4,3085.96
951,167,41,10,114,1897,1,955.63
952,497,116,11,278,1252,1,700.63
953,347,155,11,259,1428,2,1561.16
954,338,66,12,9,1790,4,1802.52
955,384,103,19,352,837,3,2582.46
956,443,7,20,150,128,3,1996.44
957,122,79,17,313,1817,3,688.14
958,135,7,2,224,266,4,2661.92
959,397,103,18,243,828,4,3443.28
960,461,190,6,97,771,4,1459.8
961,222,141,13,316,67,1,321.25
962,57,25,19,272,1520,3,2913.33
963,185,195,1,178,12,4,2403.04
964,439,95,16,134,1767,4,1252.88
965,483,166,17,304,863,2,833.82
966,131,193,20,244,1374,2,1882.56
967,88,160,3,134,1240,3,777.42
968,253,47,8,328,1166,4,615.6
969,294,52,2,221,160,2,218.0
970,365,118,18,265,234,4,391.48
971,359,70,6,281,441,4,2834.76
972,436,158,7,291,1220,2,1121.82
973,472,179,6,188,1832,3,2539.8
974,53,160,8,77,1526,1,259.14
975,343,190,10,61,1201,2,729.9
976,291,133,15,123,1764,1,464.91
977,436,102,17,199,1092,1,105.78
978,319,16,7,189,1077,2,1640.86
979,342,79,8,342,413,3,688.14
980,336,142,12,305,546,3,1690.62
981,408,62,7,277,1170,2,1743.04
982,15,41,15,251,1636,3,2866.89
983,61,123,1,152,1612,2,556.74
984,316,16,6,20,354,1,820.43
985,401,123,11,359,298,3,835.11
986,349,27,3,356,666,1,267.92
987,30,62,4,353,487,4,3486.08
988,36,86,13,80,1839,2,1730.46
989,100,198,13,201,1591,3,2126.31
990,462,179,16,316,1858,1,846.6
991,383,195,10,259,282,2,1201.52
992,57,196,5,144,549,1,936.01
993,432,142,9,348,381,1,563.54
994,7,116,4,360,947,3,2101.89
995,260,81,17,356,166,2,133.54
996,433,200,10,338,638,1,412.49
997,71,84,14,216,1555,1,457.29
998,112,9,20,329,1258,4,3605.72
999,39,85,19,198,675,2,719.28
1000,457,133,10,96,902,1,464.91
1001,109,41,18,352,1050,4,3822.52
1002,482,138,19,156,409,1,777.53
1003,217,167,14,46,1307,3,663.36
1004,140,66,7,355,579,3,1351.8899999999999
1005,348,82,10,135,1508,3,2776.05
1006,239,188,20,128,1588,3,2812.2
1007,240,197,17,238,648,2,1344.42
1008,368,186,4,213,1322,3,276.39
1009,166,107,1,53,1035,2,994.58
1010,48,77,9,188,327,1,101.82
1011,378,167,13,202,88,3,663.36
1012,308,95,2,325,817,4,1252.88
1013,213,132,9,63,1955,1,618.48
1014,447,49,20,318,1004,4,2681.84
1015,248,96,12,48,856,1,258.14
1016,125,168,12,32,540,2,1919.14
1017,321,39,3,155,594,4,3346.76
1018,396,195,18,167,1831,4,2403.04
1019,187,83,12,189,1681,3,576.0600000000001
1020,305,116,15,51,871,4,2802.52
1021,397,74,8,56,51,2,1404.56
1022,198,94,8,163,952,3,1980.6000000000001
1023,217,85,5,266,854,2,719.28
1024,305,21,8,18,830,3,1718.79
1025,182,132,16,212,269,1,618.48
1026,402,103,9,22,1072,1,860.82
1027,378,69,13,224,1591,3,991.5899999999999
1028,40,135,7,326,461,1,244.46
1029,73,2,7,144,188,2,887.86
1030,195,178,7,333,1017,4,3962.84
1031,354,60,14,30,826,2,973.94
1032,121,181,18,140,289,1,160.05
1033,397,112,14,157,1826,2,1985.82
1034,226,37,3,193,1377,1,615.99
1035,259,65,1,66,1977,4,1266.56
1036,430,136,5,31,1404,4,2984.24
1037,150,35,11,287,792,1,297.82
1038,141,89,11,336,1290,2,1608.44
1039,114,101,1,100,631,4,532.0
1040,61,195,18,349,1246,4,2403.04
1041,54,194,16,67,617,4,2086.88
1042,187,115,12,253,930,4,3538.52
1043,288,119,1,167,460,3,886.89
1044,402,55,18,360,451,4,590.44
1045,150,70,10,344,1904,4,2834.76
1046,329,190,3,129,633,1,364.95
1047,136,175,8,264,237,3,241.11
1048,331,32,5,103,894,4,2082.64
1049,286,109,10,310,1413,3,2782.32
1050,100,34,20,204,1293,4,1947.4
1051,157,1,2,105,887,1,438.67
1052,381,173,17,120,1488,4,2418.48
1053,162,77,15,63,1309,2,203.64
1054,429,62,1,72,699,1,871.52
1055,185,200,4,48,540,2,824.98
1056,72,107,1,361,1583,4,1989.16
1057,167,186,8,241,1121,3,276.39
1058,488,115,2,353,719,4,3538.52
1059,491,49,15,145,1879,4,2681.84
1060,473,75,18,144,1190,3,1386.57
1061,8,131,11,76,872,3,2977.68
1062,273,180,2,211,439,4,3501.52
1063,318,28,7,91,564,4,3210.48
1064,20,12,17,17,1635,2,1765.62
1065,220,15,8,345,19,4,2742.84
1066,324,75,7,216,1460,3,1386.57
1067,166,117,9,48,672,4,3619.68
1068,227,185,4,266,450,4,3619.64
1069,490,74,20,365,1464,2,1404.56
1070,182,125,19,225,722,4,3516.32
1071,458,4,1,133,1452,2,1797.0
1072,38,100,18,258,1117,3,620.97
1073,387,166,18,103,767,4,1667.64
1074,408,54,7,236,1650,2,1539.28
1075,267,199,20,159,1455,1,494.15
1076,96,30,8,224,1179,3,2388.69
1077,277,35,13,285,445,2,595.64
1078,288,73,17,281,761,3,1358.4
1079,283,126,15,185,935,1,571.59
1080,258,117,9,58,384,4,3619.68
1081,45,59,7,255,845,1,336.18
1082,144,161,9,328,571,4,2895.12
1083,169,109,8,20,1189,1,927.44
1084,280,15,19,60,604,2,1371.42
1085,439,119,6,93,1276,2,591.26
1086,354,173,9,192,1107,1,604.62
1087,103,117,20,298,150,4,3619.68
1088,236,16,8,32,1157,3,2461.29
1089,208,186,9,1,1927,2,184.26
1090,170,66,7,93,909,2,901.26
1091,270,74,3,217,1926,4,2809.12
1092,472,135,16,35,246,2,488.92
1093,165,177,1,169,831,1,903.47
1094,35,95,20,294,702,4,1252.88
1095,354,15,11,104,952,1,685.71
1096,133,31,11,108,1724,1,102.23
1097,29,116,15,25,1615,2,1401.26
1098,383,55,8,213,320,4,590.44
1099,35,165,13,120,1819,3,2314.4700000000003
1100,70,154,1,258,1404,4,2132.76
1101,264,56,20,327,1103,1,697.87
1102,3,16,1,257,1482,3,2461.29
1103,196,73,7,46,562,2,905.6
1104,450,186,18,127,704,4,368.52
1105,398,158,13,10,942,4,2243.64
1106,285,72,6,205,539,4,1291.56
1107,438,80,15,9,659,3,1861.98
1108,10,190,16,76,1856,4,1459.8
1109,15,25,15,363,1052,3,2913.33
1110,56,114,20,156,1162,4,342.52
1111,30,136,12,350,606,3,2238.18
1112,244,175,4,145,1501,1,80.37
1113,410,33,4,200,934,4,3624.64
1114,115,143,8,224,1591,1,506.0
1115,216,10,12,230,1449,4,1671.64
1116,361,168,10,193,977,1,959.57
1117,443,53,5,45,1795,2,1810.52
1118,287,11,8,71,864,1,339.76
1119,330,157,5,237,338,1,469.57
1120,434,158,13,84,125,4,2243.64
1121,264,8,19,175,1809,1,297.91
1122,405,136,11,55,705,4,2984.24
1123,3,199,2,256,1329,2,988.3
1124,112,95,12,63,1678,4,1252.88
1125,234,38,3,167,1176,4,2408.56
1126,145,113,16,15,1186,4,3254.6
1127,244,122,4,259,593,1,721.96
1128,370,52,15,330,1258,3,327.0
1129,386,41,3,268,963,4,3822.52
1130,369,128,11,337,1520,4,3055.44
1131,379,194,19,19,560,4,2086.88
1132,45,99,2,341,329,4,1770.44
1133,204,44,20,115,802,4,1947.0
1134,124,67,11,363,1166,1,753.06
1135,357,186,1,113,817,2,184.26
1136,206,168,17,158,538,3,2878.71
1137,81,112,15,249,1850,2,1985.82
1138,28,193,7,99,1295,4,3765.12
1139,110,96,19,80,1183,2,516.28
1140,44,67,1,130,952,3,2259.18
1141,152,130,2,113,566,2,748.02
1142,499,45,2,46,222,2,1512.6
1143,372,198,1,267,1539,2,1417.54
1144,498,153,3,141,295,2,1163.2
1145,266,22,19,362,198,1,883.04
1146,210,177,3,142,299,3,2710.41
1147,204,97,18,18,1655,1,886.05
1148,225,46,11,255,1506,3,2903.04
1149,13,98,7,5,544,4,2262.44
1150,237,186,2,175,734,2,184.26
1151,59,137,13,280,1204,4,2884.28
1152,495,89,15,152,347,4,3216.88
1153,261,32,17,217,1407,2,1041.32
1154,58,98,9,254,1951,1,565.61
1155,234,173,1,363,947,4,2418.48
1156,47,178,2,268,689,4,3962.84
1157,380,138,4,238,1693,4,3110.12
1158,56,62,3,157,993,1,871.52
1159,228,178,1,267,1615,1,990.71
1160,209,179,1,321,787,1,846.6
1161,297,108,7,303,1545,4,508.92
1162,269,37,14,230,560,4,2463.96
1163,493,88,13,314,1596,1,953.48
1164,86,6,18,190,1156,2,214.78
1165,367,24,15,140,76,1,480.57
1166,365,125,8,52,256,1,879.08
1167,397,55,16,55,1743,2,295.22
1168,402,64,11,2,635,1,677.92
1169,295,145,3,1,539,2,587.1
1170,241,179,15,73,5,2,1693.2
1171,65,63,3,101,1833,1,943.89
1172,249,53,5,337,1383,3,2715.7799999999997
1173,237,102,15,348,1268,2,211.56
1174,125,90,15,219,1573,1,659.78
1175,462,23,8,56,1044,2,1208.66
1176,271,59,2,18,1343,2,672.36
1177,115,27,4,12,1730,1,267.92
1178,438,5,15,15,1134,1,659.65
1179,500,181,2,239,891,2,320.1
1180,54,172,13,126,710,1,390.4
1181,393,114,13,21,296,1,85.63
1182,287,93,6,193,1345,1,123.25
1183,40,153,16,67,596,4,2326.4
1184,310,146,15,330,1003,3,2720.3999999999996
1185,395,9,12,73,1543,1,901.43
1186,20,14,15,326,1827,4,2502.56
1187,110,173,16,250,1354,1,604.62
1188,421,8,17,21,313,1,297.91
1189,106,120,10,90,1866,4,2344.8
1190,499,160,17,212,657,3,777.42
1191,141,98,4,190,1676,2,1131.22
1192,309,144,15,219,290,2,216.42
1193,122,115,7,308,946,2,1769.26
1194,187,55,4,309,1927,4,590.44
1195,358,132,1,261,1196,3,1855.44
1196,414,26,3,337,1014,3,182.52
1197,198,153,19,280,1402,3,1744.8000000000002
1198,494,168,7,182,978,3,2878.71
1199,462,35,2,311,771,3,893.46
1200,129,120,16,304,1849,1,586.2
1201,395,185,1,344,746,1,904.91
1202,81,128,11,335,1798,1,763.86
1203,243,136,3,207,1895,3,2238.18
1204,317,16,18,186,315,3,2461.29
1205,104,161,11,304,1621,3,2171.34
1206,396,8,16,125,528,3,893.73
1207,177,8,6,90,148,2,595.82
1208,12,187,20,35,1698,1,862.34
1209,478,151,17,213,985,1,828.46
1210,7,65,12,70,1515,4,1266.56
1211,289,129,9,104,422,3,925.71
1212,246,35,13,67,1603,4,1191.28
1213,127,110,15,358,13,2,396.68
1214,51,45,5,20,362,2,1512.6
1215,352,109,14,271,247,2,1854.88
1216,19,41,17,338,1570,1,955.63
1217,246,120,10,129,711,2,1172.4
1218,163,10,11,21,1337,1,417.91
1219,498,67,12,59,805,4,3012.24
1220,2,110,19,267,71,1,198.34
1221,235,149,8,175,926,2,1718.1
1222,392,58,12,14,729,3,273.99
1223,423,12,6,120,359,1,882.81
1224,468,27,16,142,719,1,267.92
1225,230,157,5,291,1307,3,1408.71
1226,13,75,1,285,554,4,1848.76
1227,76,168,20,210,1958,4,3838.28
1228,18,60,13,89,1442,4,1947.88
1229,424,70,18,234,38,1,708.69
1230,82,31,4,51,1242,1,102.23
1231,113,52,7,244,1866,2,218.0
1232,94,49,12,288,1994,1,670.46
1233,489,140,4,170,510,3,1912.6799999999998
1234,325,185,3,314,1353,3,2714.73
1235,177,25,2,69,1966,3,2913.33
1236,311,4,13,252,504,4,3594.0
1237,251,105,10,296,559,4,2954.6
1238,16,150,15,138,1313,3,1853.19
1239,2,162,13,49,1839,1,918.76
1240,62,4,7,75,1161,2,1797.0
1241,301,89,16,109,142,1,804.22
1242,480,130,13,202,1282,3,1122.03
1243,471,100,13,78,793,1,206.99
1244,456,188,12,184,1785,1,937.4
1245,234,83,15,301,1893,1,192.02
1246,6,20,6,73,1376,1,358.22
1247,484,51,1,22,1218,1,276.08
1248,190,163,20,115,611,4,2725.16
1249,166,56,17,206,799,2,1395.74
1250,220,75,3,28,1319,4,1848.76
1251,492,81,12,245,1010,1,66.77
1252,53,191,4,136,1781,1,500.67
1253,19,10,13,272,675,4,1671.64
1254,433,146,11,9,807,2,1813.6
1255,292,134,11,55,1937,4,2618.92
1256,485,12,7,263,1440,1,882.81
1257,40,98,6,311,1314,1,565.61
1258,382,150,10,115,903,2,1235.46
1259,412,193,6,353,76,3,2823.84
1260,277,29,18,233,640,4,674.68
1261,295,23,5,81,865,2,1208.66
1262,145,196,18,134,671,1,936.01
1263,371,51,18,215,1852,4,1104.32
1264,120,71,17,26,618,3,708.5699999999999
1265,422,79,18,303,1013,2,458.76
1266,201,196,8,283,201,3,2808.0299999999997
1267,212,142,8,83,708,3,1690.62
1268,405,24,4,254,11,1,480.57
1269,483,122,7,71,1001,4,2887.84
1270,27,12,20,260,1067,4,3531.24
1271,325,147,12,133,1487,2,668.42
1272,438,8,5,214,1822,4,1191.64
1273,359,114,5,17,1179,3,256.89
1274,207,105,18,161,1665,3,2215.95
1275,9,48,20,347,891,1,351.88
1276,472,70,5,136,1796,2,1417.38
1277,146,185,8,119,1196,1,904.91
1278,323,182,16,173,1810,4,1305.32
1279,443,69,13,247,970,4,1322.12
1280,493,113,4,63,35,3,2440.95
1281,58,111,10,257,46,4,1550.72
1282,450,58,14,170,742,2,182.66
1283,325,11,16,35,51,1,339.76
1284,303,198,2,179,128,3,2126.31
1285,178,35,2,219,1417,1,297.82
1286,414,144,19,350,122,2,216.42
1287,270,139,3,310,458,2,1158.3
1288,337,4,9,308,904,4,3594.0
1289,53,12,12,239,1589,3,2648.43
1290,340,127,14,130,1829,3,2566.92
1291,9,137,7,67,269,3,2163.21
1292,188,112,9,170,1758,2,1985.82
1293,91,156,18,167,720,1,585.69
1294,4,40,2,60,733,2,369.1
1295,305,181,5,145,1754,1,160.05
1296,263,135,3,196,1686,4,977.84
1297,144,17,15,79,1200,4,2876.04
1298,198,17,19,165,752,4,2876.04
1299,415,168,7,40,1661,4,3838.28
1300,398,42,5,136,1692,1,850.82
1301,382,95,2,41,448,4,1252.88
1302,68,34,7,356,567,4,1947.4
1303,225,91,15,240,480,4,311.12
1304,66,166,7,218,1139,4,1667.64
1305,200,31,3,324,1805,2,204.46
1306,77,142,20,47,1590,3,1690.62
1307,125,114,15,233,939,2,171.26
1308,432,51,2,65,507,3,828.24
1309,484,125,2,68,1824,1,879.08
1310,332,196,18,311,1292,3,2808.0299999999997
1311,220,128,6,39,416,3,2291.58
1312,386,62,13,185,213,4,3486.08
1313,213,5,18,101,1265,2,1319.3
1314,173,140,17,45,1324,3,1912.6799999999998
1315,256,117,4,216,1624,1,904.92
1316,410,36,6,122,44,2,617.24
1317,328,127,13,314,704,1,855.64
1318,170,117,7,258,1617,4,3619.68
1319,53,157,14,295,1462,3,1408.71
1320,44,13,14,227,1091,2,1805.76
1321,42,187,19,193,1973,3,2587.02
1322,169,4,19,230,1641,2,1797.0
1323,170,133,19,158,172,3,1394.73
1324,259,19,13,241,1954,1,298.09
1325,251,100,8,116,620,2,413.98
1326,20,164,16,70,1940,3,1626.6000000000001
1327,115,168,10,72,260,2,1919.14
1328,207,48,16,346,541,3,1055.6399999999999
1329,279,138,1,296,1999,1,777.53
1330,401,98,14,124,276,3,1696.83
1331,214,83,11,19,1121,2,384.04
1332,251,46,2,24,1138,3,2903.04
1333,438,5,7,362,434,3,1978.9499999999998
1334,375,188,9,165,1759,3,2812.2
1335,275,115,18,183,1794,1,884.63
1336,267,42,20,324,219,2,1701.64
1337,499,59,19,37,789,1,336.18
1338,289,133,13,301,217,1,464.91
1339,57,168,6,124,167,2,1919.14
1340,68,145,17,105,739,1,293.55
1341,254,197,2,277,444,4,2688.84
1342,499,140,8,70,1847,3,1912.6799999999998
1343,323,8,2,354,237,4,1191.64
1344,273,168,7,12,1830,3,2878.71
1345,481,95,16,214,198,4,1252.88
1346,47,122,19,238,328,2,1443.92
1347,493,33,16,344,976,2,1812.32
1348,193,110,10,56,1115,4,793.36
1349,450,22,15,268,1725,2,1766.08
1350,335,156,3,348,26,2,1171.38
1351,111,124,8,272,1369,4,2260.28
1352,447,111,19,130,41,3,1163.04
1353,14,92,19,194,8,3,2397.7200000000003
1354,445,31,16,237,1385,4,408.92
1355,442,175,4,213,1771,2,160.74
1356,119,20,4,272,945,2,716.44
1357,35,11,20,240,266,2,679.52
1358,22,108,16,134,1086,4,508.92
1359,374,185,18,95,497,3,2714.73
1360,329,105,15,336,1686,2,1477.3
1361,182,70,5,203,821,3,2126.07
1362,436,92,8,143,1473,4,3196.96
1363,311,179,2,50,767,3,2539.8
1364,157,69,11,280,1280,3,991.5899999999999
1365,301,122,19,359,423,4,2887.84
1366,473,66,1,123,1427,2,901.26
1367,309,82,8,298,1778,4,3701.4
1368,190,80,7,65,1668,2,1241.32
1369,495,108,5,333,923,2,254.46
1370,462,159,17,345,82,4,1265.92
1371,454,78,5,267,291,2,1450.54
1372,154,101,10,93,1127,3,399.0
1373,143,197,2,49,46,1,672.21
1374,306,34,16,223,736,4,1947.4
1375,2,173,10,350,475,4,2418.48
1376,26,115,11,78,603,2,1769.26
1377,456,55,2,139,1150,3,442.83000000000004
1378,367,108,12,62,1002,3,381.69
1379,452,50,17,172,1101,4,946.2
1380,239,31,4,304,1432,3,306.69
1381,45,128,15,287,1801,3,2291.58
1382,188,141,8,294,952,1,321.25
1383,448,4,4,82,443,3,2695.5
1384,416,20,18,329,1737,3,1074.66
1385,388,60,8,21,998,3,1460.91
1386,173,193,13,279,1293,1,941.28
1387,372,85,3,98,1794,2,719.28
1388,213,76,20,123,1212,1,414.47
1389,111,2,11,149,1961,1,443.93
1390,451,179,8,363,503,4,3386.4
1391,400,107,18,181,1929,1,497.29
1392,276,193,11,289,1790,2,1882.56
1393,83,53,5,13,275,4,3621.04
1394,8,161,5,167,435,2,1447.56
1395,239,73,19,97,764,3,1358.4
1396,75,191,20,11,868,1,500.67
1397,131,17,4,354,992,1,719.01
1398,371,200,9,268,993,2,824.98
1399,142,92,1,212,1925,2,1598.48
1400,272,51,4,327,701,1,276.08
1401,478,199,1,183,956,1,494.15
1402,219,199,1,25,1104,2,988.3
1403,297,61,16,201,724,2,1989.16
1404,373,101,10,120,289,4,532.0
1405,425,150,5,136,298,2,1235.46
1406,461,27,1,289,1380,2,535.84
1407,424,153,17,363,554,1,581.6
1408,476,1,12,13,1031,1,438.67
1409,371,169,10,21,17,2,397.76
1410,79,8,6,275,680,2,595.82
1411,238,142,5,241,170,4,2254.16
1412,378,96,3,346,1418,1,258.14
1413,321,192,5,291,531,4,2962.68
1414,352,115,11,270,610,4,3538.52
1415,352,168,9,11,1537,1,959.57
1416,354,103,6,205,1245,1,860.82
1417,368,53,10,35,923,3,2715.7799999999997
1418,355,89,16,174,1408,4,3216.88
1419,8,18,9,338,1522,4,2968.72
1420,124,18,19,29,1465,2,1484.36
1421,135,180,18,272,585,2,1750.76
1422,182,48,11,228,700,1,351.88
1423,474,164,12,44,345,3,1626.6000000000001
1424,467,192,14,329,1,1,740.67
1425,88,45,16,310,1533,3,2268.8999999999996
1426,459,97,3,171,210,1,886.05
1427,485,12,1,25,1666,1,882.81
1428,233,199,15,234,505,1,494.15
1429,388,194,10,189,177,1,521.72
1430,280,168,4,354,606,1,959.57
1431,170,39,10,135,1719,1,836.69
1432,233,8,4,71,343,4,1191.64
1433,8,51,18,302,1490,4,1104.32
1434,273,121,3,278,488,1,467.45
1435,289,89,9,194,531,1,804.22
1436,129,68,20,282,1912,4,1579.04
1437,65,118,18,360,1585,3,293.61
1438,494,35,8,52,1747,1,297.82
1439,135,174,2,62,875,1,444.2
1440,124,23,15,192,844,4,2417.32
1441,499,99,15,181,634,2,885.22
1442,321,67,19,262,897,3,2259.18
1443,215,116,3,60,1066,2,1401.26
1444,371,175,3,143,995,1,80.37
1445,375,147,10,94,982,4,1336.84
1446,50,197,16,157,656,3,2016.63
1447,187,73,16,13,1363,3,1358.4
1448,316,42,13,169,900,3,2552.46
1449,92,158,1,336,1036,2,1121.82
1450,491,128,15,302,1903,1,763.86
1451,47,103,5,197,334,3,2582.46
1452,403,104,7,86,1888,4,3447.16
1453,203,65,11,149,1011,2,633.28
1454,173,10,12,146,1314,4,1671.64
1455,320,37,20,36,1617,3,1847.97
1456,378,146,12,274,431,2,1813.6
1457,116,26,10,128,1797,1,60.84
1458,29,86,20,90,774,1,865.23
1459,221,69,5,250,128,1,330.53
1460,477,193,20,87,1338,4,3765.12
1461,316,101,8,170,1122,3,399.0
1462,233,176,17,140,424,2,581.44
1463,262,46,16,180,906,4,3870.72
1464,383,6,3,164,1696,2,214.78
1465,417,93,18,294,1446,4,493.0
1466,434,169,16,361,1803,4,795.52
1467,498,96,8,17,1832,2,516.28
1468,70,197,11,100,1579,1,672.21
1469,180,168,5,84,447,3,2878.71
1470,266,55,15,213,596,2,295.22
1471,302,99,16,220,1039,4,1770.44
1472,346,92,8,281,994,3,2397.7200000000003
1473,106,8,7,40,1868,4,1191.64
1474,426,56,9,195,616,3,2093.61
1475,326,55,14,219,793,3,442.83000000000004
1476,326,50,1,177,1861,3,709.6500000000001
1477,266,134,11,127,192,1,654.73
1478,214,178,20,96,554,1,990.71
1479,313,155,2,38,1720,1,780.58
1480,183,108,15,269,830,2,254.46
1481,481,179,11,146,988,3,2539.8
1482,306,69,12,137,1156,2,661.06
1483,319,151,3,137,1311,3,2485.38
1484,323,37,15,202,884,2,1231.98
1485,175,197,18,31,1267,2,1344.42
1486,320,51,14,48,31,1,276.08
1487,227,115,12,143,1016,2,1769.26
1488,485,70,16,248,1598,2,1417.38
1489,479,95,1,16,1795,1,313.22
1490,473,102,12,210,1634,3,317.34000000000003
1491,461,153,2,335,1468,2,1163.2
1492,360,154,20,125,100,4,2132.76
1493,24,43,11,361,1241,3,1995.63
1494,303,198,13,31,1359,1,708.77
1495,86,36,3,201,992,2,617.24
1496,427,25,15,286,1135,3,2913.33
1497,21,120,7,208,1338,4,2344.8
1498,142,56,3,166,1317,3,2093.61
1499,448,15,14,114,1913,4,2742.84
1500,480,75,8,302,1971,4,1848.76
1501,315,192,13,146,190,1,740.67
1502,96,128,5,236,26,4,3055.44
1503,469,119,7,222,1351,3,886.89
1504,251,138,8,96,1945,2,1555.06
1505,135,115,17,163,1984,4,3538.52
1506,131,39,6,338,870,4,3346.76
1507,493,184,16,71,1363,4,3869.48
1508,79,28,12,145,1915,1,802.62
1509,489,44,3,51,511,3,1460.25
1510,119,76,7,276,1488,4,1657.88
1511,472,54,5,232,1922,2,1539.28
1512,383,183,13,262,777,4,1240.32
1513,284,38,20,12,1474,4,2408.56
1514,30,92,20,145,1790,3,2397.7200000000003
1515,449,44,1,91,1683,2,973.5
1516,354,128,18,110,732,4,3055.44
1517,258,155,8,106,1897,3,2341.7400000000002
1518,247,81,7,281,1645,4,267.08
1519,94,182,14,276,16,1,326.33
1520,306,181,15,49,627,1,160.05
1521,186,78,14,350,1635,1,725.27
1522,30,141,18,14,1607,2,642.5
1523,58,119,18,112,1284,1,295.63
1524,156,108,7,103,151,2,254.46
1525,130,69,11,35,1342,1,330.53
1526,495,76,19,181,274,2,828.94
1527,469,145,14,256,1441,3,880.6500000000001
1528,239,143,6,92,3,3,1518.0
1529,291,29,11,196,1914,4,674.68
1530,46,79,5,304,743,4,917.52
1531,385,73,1,115,705,4,1811.2
1532,448,12,2,170,912,3,2648.43
1533,109,143,20,71,1942,4,2024.0
1534,483,110,2,337,1069,1,198.34
1535,173,172,2,289,993,3,1171.1999999999998
1536,5,54,19,120,826,4,3078.56
1537,73,182,8,92,1487,4,1305.32
1538,463,119,9,11,766,3,886.89
1539,363,73,15,105,379,1,452.8
1540,315,148,8,233,689,4,2432.76
1541,328,107,16,277,1532,3,1491.8700000000001
1542,88,70,20,322,769,2,1417.38
1543,286,147,16,297,406,1,334.21
1544,44,163,6,364,1931,2,1362.58
1545,336,15,4,309,1195,2,1371.42
1546,465,39,15,333,689,2,1673.38
1547,22,13,13,236,416,4,3611.52
1548,90,12,13,363,1330,1,882.81
1549,448,151,3,326,473,2,1656.92
1550,220,195,8,137,1396,4,2403.04
1551,474,38,11,52,1789,3,1806.42
1552,42,174,19,207,140,1,444.2
1553,179,70,13,79,1241,4,2834.76
1554,61,18,14,308,1186,1,742.18
1555,472,101,3,347,605,3,399.0
1556,171,36,18,279,870,3,925.86
1557,259,165,2,28,701,1,771.49
1558,72,189,1,246,1627,1,210.53
1559,337,50,19,15,741,1,236.55
1560,368,46,19,250,1335,2,1935.36
1561,107,138,18,224,269,1,777.53
1562,75,154,8,301,1252,4,2132.76
1563,361,200,17,205,231,1,412.49
1564,225,30,12,361,968,2,1592.46
1565,406,93,10,106,907,1,123.25
1566,407,126,16,31,302,1,571.59
1567,486,159,10,142,1541,1,316.48
1568,154,55,9,201,1519,1,147.61
1569,336,61,7,9,866,1,994.58
1570,448,73,14,87,353,2,905.6
1571,418,71,7,249,945,4,944.76
1572,38,159,6,199,1097,3,949.44
1573,117,185,6,216,246,3,2714.73
1574,321,98,7,93,1185,3,1696.83
1575,115,121,17,168,1983,1,467.45
1576,415,198,5,176,1141,2,1417.54
1577,221,20,10,30,1384,1,358.22
1578,108,159,1,112,1345,1,316.48
1579,298,40,2,344,1270,3,553.6500000000001
1580,247,117,6,101,316,1,904.92
1581,75,22,8,175,1574,1,883.04
1582,240,147,11,70,1737,4,1336.84
1583,322,152,8,24,544,3,2530.38
1584,188,128,6,45,1496,2,1527.72
1585,377,12,2,255,59,4,3531.24
1586,261,139,13,313,1289,2,1158.3
1587,498,162,8,20,991,4,3675.04
1588,346,121,12,261,1300,3,1402.35
1589,163,169,18,171,1899,1,198.88
1590,394,6,13,135,1109,3,322.17
1591,376,25,1,50,825,2,1942.22
1592,179,180,6,266,1069,3,2626.14
1593,399,199,12,14,832,4,1976.6
1594,234,1,3,52,79,3,1316.01
1595,215,136,2,359,137,3,2238.18
1596,120,59,6,71,1908,3,1008.54
1597,490,19,7,97,363,2,596.18
1598,373,89,3,289,1769,3,2412.66
1599,358,171,2,178,1436,3,2393.88
1600,102,76,9,308,1944,2,828.94
1601,492,45,8,105,1113,1,756.3
1602,298,152,5,255,191,2,1686.92
1603,154,16,13,288,1402,3,2461.29
1604,295,99,5,119,364,4,1770.44
1605,90,181,18,27,934,3,480.15000000000003
1606,221,83,8,255,227,3,576.0600000000001
1607,411,131,18,21,292,1,992.56
1608,349,114,15,208,645,2,171.26
1609,90,75,8,99,35,1,462.19
1610,366,42,18,18,1784,2,1701.64
1611,313,187,19,63,1272,4,3449.36
1612,381,38,17,252,1852,3,1806.42
1613,370,46,14,9,890,2,1935.36
1614,130,35,14,308,497,1,297.82
1615,45,65,1,256,915,2,633.28
1616,367,106,17,304,1610,2,1012.02
1617,455,124,8,326,8,3,1695.21
1618,103,12,11,108,1814,2,1765.62
1619,185,72,8,210,1998,4,1291.56
1620,52,29,4,219,1614,4,674.68
1621,264,11,4,359,1046,3,1019.28
1622,9,85,5,341,1931,2,719.28
1623,218,173,20,35,1558,1,604.62
1624,403,167,2,279,625,2,442.24
1625,77,102,9,303,360,4,423.12
1626,448,13,20,283,1096,1,902.88
1627,384,148,3,310,188,1,608.19
1628,250,25,9,217,1101,2,1942.22
1629,453,72,15,259,306,2,645.78
1630,391,73,17,75,621,3,1358.4
1631,271,131,5,244,1250,2,1985.12
1632,423,200,18,201,285,3,1237.47
1633,10,106,14,209,803,1,506.01
1634,375,25,19,53,1634,4,3884.44
1635,71,19,5,164,1620,4,1192.36
1636,129,117,9,51,1077,3,2714.7599999999998
1637,429,121,4,37,1196,4,1869.8
1638,333,198,1,357,122,3,2126.31
1639,414,94,20,57,664,3,1980.6000000000001
1640,66,120,1,147,1748,4,2344.8
1641,354,12,3,225,1321,3,2648.43
1642,371,146,12,315,532,2,1813.6
1643,323,81,10,339,34,1,66.77
1644,257,178,17,285,205,1,990.71
1645,479,97,20,172,828,3,2658.1499999999996
1646,251,7,18,19,1189,4,2661.92
1647,275,163,1,236,573,3,2043.87
1648,80,138,9,295,57,1,777.53
1649,441,8,3,337,946,4,1191.64
1650,162,170,4,241,1321,2,1607.24
1651,159,122,12,78,291,2,1443.92
1652,456,144,14,87,1154,3,324.63
1653,1,164,12,41,291,3,1626.6000000000001
1654,380,155,3,271,1552,4,3122.32
1655,357,39,17,47,281,3,2510.07
1656,83,173,16,103,322,2,1209.24
1657,184,180,11,119,444,2,1750.76
1658,172,115,9,306,105,1,884.63
1659,83,168,12,315,1578,4,3838.28
1660,260,173,13,152,259,3,1813.8600000000001
1661,497,60,7,161,1638,4,1947.88
1662,433,179,7,184,1718,3,2539.8
1663,476,74,18,271,1566,4,2809.12
1664,347,127,13,100,132,4,3422.56
1665,68,46,18,196,1843,1,967.68
1666,302,59,14,201,1065,1,336.18
1667,413,79,3,57,1311,2,458.76
1668,390,23,3,331,308,2,1208.66
1669,157,1,12,37,861,4,1754.68
1670,152,111,12,289,1469,2,775.36
1671,97,108,9,358,612,3,381.69
1672,386,189,11,352,1132,2,421.06
1673,128,151,9,288,318,2,1656.92
1674,242,48,1,242,581,4,1407.52
1675,386,140,16,177,772,2,1275.12
1676,462,49,12,89,984,2,1340.92
1677,65,44,17,204,937,2,973.5
1678,308,135,9,324,615,2,488.92
1679,350,100,5,307,1154,3,620.97
1680,337,163,17,120,892,2,1362.58
1681,485,87,5,233,656,3,1005.96
1682,310,34,20,22,899,4,1947.4
1683,445,124,9,298,525,1,565.07
1684,97,164,17,118,1399,3,1626.6000000000001
1685,203,92,1,321,1437,3,2397.7200000000003
1686,66,190,16,94,1863,4,1459.8
1687,347,90,12,92,1448,3,1979.34
1688,293,99,2,193,1983,1,442.61
1689,87,155,18,124,280,2,1561.16
1690,297,50,5,305,66,2,473.1
1691,343,97,11,234,1296,4,3544.2
1692,224,33,14,58,1488,2,1812.32
1693,179,154,11,203,1936,2,1066.38
1694,378,26,10,38,661,4,243.36
1695,436,72,16,327,1484,1,322.89
1696,34,157,19,213,1003,2,939.14
1697,261,9,9,356,675,3,2704.29
1698,429,167,17,278,572,3,663.36
1699,92,171,13,259,200,1,797.96
1700,13,52,6,209,118,4,436.0
1701,79,93,13,90,550,3,369.75
1702,398,18,11,292,485,4,2968.72
1703,361,167,2,283,1166,2,442.24
1704,198,33,12,300,1323,1,906.16
1705,346,186,8,148,1531,3,276.39
1706,354,50,1,26,1145,3,709.6500000000001
1707,123,150,18,318,1699,1,617.73
1708,397,153,8,50,205,4,2326.4
1709,394,125,3,61,770,3,2637.2400000000002
1710,9,51,6,180,1555,1,276.08
1711,186,15,6,300,1853,2,1371.42
1712,211,130,18,238,1876,2,748.02
1713,238,39,16,359,1164,1,836.69
1714,270,170,11,149,387,4,3214.48
1715,119,35,10,60,775,2,595.64
1716,269,199,9,360,1003,2,988.3
1717,475,106,2,319,438,2,1012.02
1718,289,68,3,155,870,3,1184.28
1719,303,112,6,291,777,1,992.91
1720,368,105,7,65,1529,3,2215.95
1721,144,36,4,238,1906,4,1234.48
1722,134,160,16,211,405,3,777.42
1723,257,186,4,41,1735,1,92.13
1724,311,127,3,128,467,1,855.64
1725,198,200,6,216,1280,4,1649.96
1726,431,117,16,317,1910,2,1809.84
1727,23,156,5,320,1905,1,585.69
1728,58,100,17,199,1887,4,827.96
1729,440,92,18,282,603,2,1598.48
1730,158,123,9,272,107,4,1113.48
1731,123,159,14,146,899,1,316.48
1732,495,23,12,355,395,3,1812.9900000000002
1733,400,133,3,261,1983,4,1859.64
1734,449,155,12,315,876,3,2341.7400000000002
1735,266,74,14,247,536,4,2809.12
1736,347,87,19,330,1354,2,670.64
1737,405,152,2,69,1809,1,843.46
1738,382,121,13,148,135,2,934.9
1739,4,185,10,335,268,4,3619.64
1740,355,57,5,191,1372,2,1998.22
1741,134,3,2,317,1103,2,1542.38
1742,341,1,3,170,1053,2,877.34
1743,6,195,10,77,1655,2,1201.52
1744,371,111,6,61,1601,2,775.36
1745,197,76,15,253,632,3,1243.41
1746,311,178,1,179,6,1,990.71
1747,310,184,6,313,1186,2,1934.74
1748,277,167,18,242,727,1,221.12
1749,499,197,16,336,620,2,1344.42
1750,409,152,10,124,869,1,843.46
1751,59,130,4,266,132,2,748.02
1752,54,12,11,238,982,1,882.81
1753,310,75,5,25,1856,4,1848.76
1754,353,7,7,357,375,2,1330.96
1755,150,174,14,153,1650,4,1776.8
1756,433,84,19,114,811,3,1371.8700000000001
1757,50,117,4,102,682,2,1809.84
1758,438,136,8,218,296,4,2984.24
1759,390,77,5,236,1512,2,203.64
1760,340,44,16,337,1948,1,486.75
1761,69,34,15,34,1958,1,486.85
1762,136,135,8,110,1602,3,733.38
1763,434,25,9,5,743,4,3884.44
1764,370,60,7,253,308,1,486.97
1765,271,166,12,110,128,3,1250.73
1766,484,44,1,356,1650,2,973.5
1767,140,116,9,226,1686,3,2101.89
1768,199,116,3,292,1663,1,700.63
1769,279,33,15,59,1883,4,3624.64
1770,38,88,6,154,1121,4,3813.92
1771,326,3,8,345,1260,1,771.19
1772,149,66,15,74,1181,3,1351.8899999999999
1773,116,55,5,184,963,1,147.61
1774,303,66,3,274,1572,1,450.63
1775,397,110,4,311,1491,2,396.68
1776,142,7,18,108,1563,1,665.48
1777,70,132,3,169,1742,2,1236.96
1778,296,36,14,147,741,3,925.86
1779,460,87,20,281,1316,2,670.64
1780,310,166,10,28,485,4,1667.64
1781,254,140,12,75,1091,1,637.56
1782,149,145,8,84,1449,3,880.6500000000001
1783,373,159,17,318,1437,1,316.48
1784,85,83,16,184,1629,3,576.0600000000001
1785,12,165,12,180,892,2,1542.98
1786,391,47,10,273,427,3,461.70000000000005
1787,51,155,13,316,1849,2,1561.16
1788,13,85,4,119,326,2,719.28
1789,390,1,12,97,1,2,877.34
1790,247,22,10,214,1827,2,1766.08
1791,230,66,7,207,1834,3,1351.8899999999999
1792,17,158,14,90,1520,4,2243.64
1793,422,4,3,310,1642,4,3594.0
1794,203,198,11,173,1429,4,2835.08
1795,296,177,5,157,682,2,1806.94
1796,127,116,10,175,207,3,2101.89
1797,122,37,4,288,365,4,2463.96
1798,236,43,12,179,1735,1,665.21
1799,159,11,15,82,107,3,1019.28
1800,173,143,14,14,360,2,1012.0
1801,458,50,7,260,875,1,236.55
1802,301,103,4,333,642,3,2582.46
1803,312,170,4,220,785,4,3214.48
1804,327,121,14,293,1120,2,934.9
1805,490,123,16,262,1634,4,1113.48
1806,30,16,10,303,1762,1,820.43
1807,134,133,20,228,127,3,1394.73
1808,16,117,7,217,556,3,2714.7599999999998
1809,483,151,8,83,37,4,3313.84
1810,423,180,5,343,1627,3,2626.14
1811,290,96,9,84,376,4,1032.56
1812,240,157,19,274,565,1,469.57
1813,165,187,6,64,1912,2,1724.68
1814,426,56,3,57,1226,4,2791.48
1815,16,172,13,260,1980,3,1171.1999999999998
1816,14,50,17,168,801,3,709.6500000000001
1817,493,105,8,163,1946,4,2954.6
1818,59,40,10,265,1849,3,553.6500000000001
1819,206,82,17,155,762,4,3701.4
1820,423,175,6,179,1680,4,321.48
1821,30,104,4,75,735,3,2585.37
1822,34,173,12,227,1058,3,1813.8600000000001
1823,192,174,19,17,590,4,1776.8
1824,300,145,3,35,1157,2,587.1
1825,401,44,13,279,1824,3,1460.25
1826,481,49,20,48,358,4,2681.84
1827,400,59,11,97,1038,2,672.36
1828,23,85,11,253,1694,1,359.64
1829,281,48,1,331,1246,3,1055.6399999999999
1830,149,140,20,14,445,1,637.56
1831,29,157,16,206,1882,3,1408.71
1832,262,171,16,273,1217,2,1595.92
1833,371,57,13,71,1901,3,2997.33
1834,220,109,19,32,1864,2,1854.88
1835,77,149,11,35,20,4,3436.2
1836,437,51,7,337,1544,3,828.24
1837,62,37,11,60,1557,1,615.99
1838,316,35,2,96,708,4,1191.28
1839,458,8,11,262,1647,2,595.82
1840,238,131,10,228,547,1,992.56
1841,149,188,6,53,1260,2,1874.8
1842,153,50,6,199,1687,4,946.2
1843,476,166,8,247,459,2,833.82
1844,476,143,7,273,1095,1,506.0
1845,461,96,10,163,1279,1,258.14
1846,339,59,4,58,1659,3,1008.54
1847,148,185,1,79,1812,4,3619.64
1848,273,32,12,81,1586,4,2082.64
1849,419,17,17,72,239,1,719.01
1850,426,151,6,242,1654,3,2485.38
1851,88,180,2,73,127,4,3501.52
1852,378,57,13,57,1514,1,999.11
1853,429,42,19,338,962,3,2552.46
1854,133,185,6,147,450,1,904.91
1855,341,72,3,299,1610,3,968.67
1856,146,38,4,146,1592,2,1204.28
1857,312,111,5,91,1802,3,1163.04
1858,189,48,2,157,1789,2,703.76
1859,202,123,15,25,370,3,835.11
1860,185,29,14,278,1705,2,337.34
1861,360,115,11,276,489,4,3538.52
1862,469,63,4,258,468,3,2831.67
1863,55,186,8,64,1931,3,276.39
1864,176,134,5,42,1778,4,2618.92
1865,377,4,6,18,1333,4,3594.0
1866,186,53,2,198,1360,4,3621.04
1867,121,199,1,365,1475,1,494.15
1868,15,1,10,283,1890,1,438.67
1869,279,191,18,48,577,1,500.67
1870,101,86,19,312,308,1,865.23
1871,350,35,20,320,395,3,893.46
1872,348,15,4,174,1883,4,2742.84
1873,315,57,9,340,1352,4,3996.44
1874,277,34,5,363,1056,4,1947.4
1875,161,53,3,191,1815,1,905.26
1876,253,88,20,110,1055,2,1906.96
1877,439,53,17,222,718,2,1810.52
1878,472,44,19,320,980,2,973.5
1879,45,67,9,278,1900,2,1506.12
1880,127,83,15,86,1528,2,384.04
1881,307,80,4,280,1325,3,1861.98
1882,384,45,18,17,1582,4,3025.2
1883,367,181,1,278,766,3,480.15000000000003
1884,239,125,19,303,1804,4,3516.32
1885,323,30,20,149,217,3,2388.69
1886,168,145,3,113,562,3,880.6500000000001
1887,291,33,18,349,79,2,1812.32
1888,343,95,20,212,885,4,1252.88
1889,321,91,2,227,1878,3,233.34
1890,89,135,2,253,1910,1,244.46
1891,294,109,3,348,411,4,3709.76
1892,21,111,18,161,1560,2,775.36
1893,121,28,13,300,682,1,802.62
1894,353,21,5,356,637,2,1145.86
1895,212,22,5,337,1083,2,1766.08
1896,199,118,2,338,656,1,97.87
1897,27,7,4,334,1314,2,1330.96
1898,81,137,6,319,605,2,1442.14
1899,152,59,12,165,925,1,336.18
1900,472,156,19,29,537,2,1171.38
1901,461,91,1,31,1810,3,233.34
1902,217,7,3,135,344,2,1330.96
1903,10,137,17,288,846,3,2163.21
1904,95,121,8,41,1662,3,1402.35
1905,223,197,4,317,1362,3,2016.63
1906,283,20,9,180,183,4,1432.88
1907,220,62,10,98,63,3,2614.56
1908,428,145,5,272,789,1,293.55
1909,203,194,12,86,127,3,1565.16
1910,356,100,20,310,619,1,206.99
1911,373,7,4,63,1538,2,1330.96
1912,495,141,11,262,912,4,1285.0
1913,214,50,4,331,19,1,236.55
1914,64,52,20,161,1713,3,327.0
1915,22,141,7,139,807,2,642.5
1916,446,72,2,225,1608,2,645.78
1917,410,7,10,54,1565,4,2661.92
1918,296,101,12,149,242,1,133.0
1919,456,166,19,246,1339,2,833.82
1920,367,41,12,234,1602,2,1911.26
1921,353,190,6,96,686,1,364.95
1922,355,47,2,349,886,1,153.9
1923,148,188,10,103,743,1,937.4
1924,235,181,19,276,1937,1,160.05
1925,366,70,14,136,521,3,2126.07
1926,50,126,19,289,569,3,1714.77
1927,295,103,19,324,1349,2,1721.64
1928,187,58,19,37,970,1,91.33
1929,265,29,17,358,1468,4,674.68
1930,493,180,20,244,134,3,2626.14
1931,24,199,2,119,1669,1,494.15
1932,187,60,15,135,1743,4,1947.88
1933,24,199,20,135,1602,2,988.3
1934,45,82,3,286,316,2,1850.7
1935,408,5,9,83,113,2,1319.3
1936,73,79,5,59,1400,2,458.76
1937,189,168,9,353,1911,1,959.57
1938,28,76,10,171,336,1,414.47
1939,135,182,1,152,537,4,1305.32
1940,133,133,2,290,1558,2,929.82
1941,391,35,6,83,1069,4,1191.28
1942,427,10,8,290,1281,1,417.91
1943,14,159,20,93,1927,3,949.44
1944,45,87,12,160,862,2,670.64
1945,484,144,6,345,1489,3,324.63
1946,240,88,2,185,234,2,1906.96
1947,54,81,2,158,1391,2,133.54
1948,162,162,19,360,1984,3,2756.2799999999997
1949,10,188,17,136,1832,3,2812.2
1950,440,142,11,141,1702,1,563.54
1951,228,49,6,200,1924,2,1340.92
1952,154,143,9,51,827,3,1518.0
1953,97,96,3,335,383,3,774.42
1954,413,47,8,173,561,3,461.70000000000005
1955,131,169,19,65,40,3,596.64
1956,420,69,6,188,198,3,991.5899999999999
1957,125,67,13,123,607,4,3012.24
1958,274,191,1,365,1056,2,1001.34
1959,318,148,8,66,768,2,1216.38
1960,32,18,6,145,1818,1,742.18
1961,145,37,18,292,1555,1,615.99
1962,460,146,16,186,31,4,3627.2
1963,451,131,14,180,1816,1,992.56
1964,123,87,8,132,1868,3,1005.96
1965,396,91,4,138,1476,2,155.56
1966,227,159,16,245,1994,2,632.96
1967,171,145,20,323,66,3,880.6500000000001
1968,215,187,15,294,612,2,1724.68
1969,420,14,6,262,1094,3,1876.92
1970,441,86,11,178,610,2,1730.46
1971,321,39,18,8,1866,4,3346.76
1972,308,55,18,164,610,3,442.83000000000004
1973,353,195,3,15,1027,3,1802.28
1974,451,66,1,81,1576,1,450.63
1975,313,17,11,113,1765,2,1438.02
1976,413,25,11,296,1711,2,1942.22
1977,316,157,6,168,1434,3,1408.71
1978,418,18,2,287,778,2,1484.36
1979,227,55,20,276,1636,2,295.22
1980,460,57,16,54,480,3,2997.33
1981,371,68,4,115,1889,4,1579.04
1982,75,187,19,304,1819,4,3449.36
1983,471,58,11,323,1003,2,182.66
1984,496,192,6,48,1657,4,2962.68
1985,452,1,10,313,1181,4,1754.68
1986,199,89,7,190,965,4,3216.88
1987,494,181,8,20,559,3,480.15000000000003
1988,30,133,3,251,1143,3,1394.73
1989,358,74,2,222,1069,3,2106.84
1990,459,3,13,147,926,1,771.19
1991,496,195,8,171,831,2,1201.52
1992,374,71,8,129,100,2,472.38
1993,317,35,2,101,120,2,595.64
1994,267,56,8,119,967,4,2791.48
1995,170,60,13,259,152,1,486.97
1996,188,90,5,217,1785,2,1319.56
1997,374,127,3,225,1389,1,855.64
1998,46,55,1,112,1160,2,295.22
1999,84,174,18,242,1671,3,1332.6
2000,121,19,12,268,1282,2,596.18
